###PGS CATALOG SCORING FILE - see https://www.pgscatalog.org/downloads/#dl_ftp_scoring for arritional information,,,,,,,,,,,,
#format_version=2.0,,,,,,,,,,,,
##POLYGENIC SCORE (PGS) INFORMATION,,,,,,,,,,,,
#pgs_id=PGS000344,,,,,,,,,,,,
#pgs_name=PRS287_BC,,,,,,,,,,,,
#trait_reported=Breast cancer,,,,,,,,,,,,
#trait_mapped=breast carcinoma,,,,,,,,,,,,
#trait_efo=EFO_0000305,,,,,,,,,,,,
#genome_build=GRCh37,,,,,,,,,,,,
#variants_number=287,,,,,,,,,,,,
#weight_type=beta,,,,,,,,,,,,
##SOURCE INFORMATION,,,,,,,,,,,,
#pgp_id=PGP000112,,,,,,,,,,,,
#citation=Ho WK et al. Nat Commun (2020). doi:10.1038/s41467-020-17680-w,,,,,,,,,,,,
##HARMONIZATION DETAILS,,,,,,,,,,,,
#HmPOS_build=GRCh38,,,,,,,,,,,,
#HmPOS_date=2022-07-29,,,,,,,,,,,,
"#HmPOS_match_chr={True: null, False: null}",,,,,,,,,,,,
"#HmPOS_match_pos={True: null, False: null}",,,,,,,,,,,,
rsID,chr_name,chr_position,effect_allele,other_allele,effect_weight,allelefrequency_effect,locus_name,hm_source,hm_rsID,hm_chr,hm_pos,hm_inferOtherAllele
rs616488,1,10566215,A,G,0.07,0.7,PEX14,ENSEMBL,rs616488,1,10506158,
rs11249433,1,121280613,G,A,0.088,0.08,EMBP1,ENSEMBL,rs11249433,1,121538815,
rs4951011,1,203766331,G,A,0.056,0.31,ZC3H11A,ENSEMBL,rs4951011,1,203797203,
rs12710696,2,19320803,T,C,0.048,0.33,MIR4757,ENSEMBL,rs12710696,2,19121042,
rs4849887,2,121245122,C,T,0.065,0.8,LOC84931,ENSEMBL,rs4849887,2,120487546,
rs10931936,2,202143928,T,C,0.053,0.29,CASP8,ENSEMBL,rs10931936,2,201279205,
rs13387042,2,217905832,A,G,0.056,0.12,TNP1,ENSEMBL,rs13387042,2,217041109,
rs16857609,2,218296508,T,C,0.084,0.6,DIRC3,ENSEMBL,rs16857609,2,217431785,
rs4973768,3,27416013,T,C,0.107,0.21,SLC4A7,ENSEMBL,rs4973768,3,27374522,
rs12493607,3,30682939,C,G,0.05,0.67,GFBR2,ENSEMBL,rs12493607,3,30641447,
rs6828523,4,175846426,C,A,0.058,0.75,ADAM29,ENSEMBL,rs6828523,4,174925275,
rs10069690,5,1279790,T,C,0.065,0.2,TERT,ENSEMBL,rs10069690,5,1279675,
rs10941679,5,44706498,G,A,0.067,0.5,MRPS30,ENSEMBL,rs10941679,5,44706396,
rs889312,5,56031884,C,A,0.038,0.55,MAP3K1,ENSEMBL,rs889312,5,56736057,
rs10474352,5,90732225,C,T,0.077,0.55,LOC100129716,ENSEMBL,rs10474352,5,91436408,
rs1432679,5,158244083,C,T,0.068,0.65,EBF1,ENSEMBL,rs1432679,5,158817075,
rs9485372,6,149608874,G,A,0.128,0.58,TAB2,ENSEMBL,rs9485372,6,149287738,
rs2046210,6,151948366,A,G,0.237,0.38,C6orf97,ENSEMBL,rs2046210,6,151627231,
rs9693444,8,29509616,A,C,0.074,0.29,C8orf75,ENSEMBL,rs9693444,8,29652100,
rs6472903,8,76230301,T,G,0.118,0.96,HNF4G,ENSEMBL,rs6472903,8,75318066,
rs1562430,8,128387852,T,C,0.067,0.83,POU5F1B,ENSEMBL,rs1562430,8,127375606,
rs1011970,9,22062134,T,G,0.063,0.09,CDKN2B-AS1,ENSEMBL,rs1011970,9,22062135,
rs10759243,9,110306115,A,C,0.057,0.44,9q31.2,ENSEMBL,rs10759243,9,107543834,
rs10822013,10,64251977,T,C,0.075,0.5,ZNF365,ENSEMBL,rs10822013,10,62492218,
rs704010,10,80841148,T,C,0.063,0.32,ZMIZ1,ENSEMBL,rs704010,10,79081391,
rs11199914,10,123093901,C,T,0.042,0.62,10q26.12,ENSEMBL,rs11199914,10,121334387,
rs2981579,10,123337335,A,G,0.151,0.46,FGFR2,ENSEMBL,rs2981579,10,121577821,
rs909116,11,1941946,T,C,0.075,0.39,TNNT3,ENSEMBL,rs909116,11,1920716,
rs614367,11,69328764,T,C,0.249,0.01,CCND1,ENSEMBL,rs614367,11,69513996,
rs7107217,11,129473690,C,A,0.095,0.37,BARX2,ENSEMBL,rs7107217,11,129603795,
rs12422552,12,14413931,C,G,0.054,0.29,ATF7IP,ENSEMBL,rs12422552,12,14260997,
rs10771399,12,28155080,A,G,0.112,0.82,PTHLH,ENSEMBL,rs10771399,12,28002147,
rs17356907,12,96027759,A,G,0.063,0.76,NTN4,ENSEMBL,rs17356907,12,95633983,
rs1292011,12,115836522,A,G,0.117,0.75,MED13L,ENSEMBL,rs1292011,12,115398717,
rs2236007,14,37132769,G,A,0.071,0.72,PAX9,ENSEMBL,rs2236007,14,36663564,
rs941764,14,91841069,G,A,0.062,0.15,CCDC88C,ENSEMBL,rs941764,14,91374725,
rs2290203,15,91512067,G,A,0.081,0.51,PRC1,ENSEMBL,rs2290203,15,90968837,
rs3803662,16,52586341,A,G,0.129,0.63,LOC643714,ENSEMBL,rs3803662,16,52552429,
rs4784227,16,52599188,T,C,0.209,0.27,LOC643714,ENSEMBL,rs4784227,16,52565276,
rs11075995,16,53855291,A,T,0.071,0.31,FTO,ENSEMBL,rs11075995,16,53821379,
rs527616,18,24337424,G,C,0.042,0.71,LOC728606,ENSEMBL,rs527616,18,26757460,
rs2363956,19,17394124,T,G,0.057,0.68,ANKLE1,ENSEMBL,rs2363956,19,17283315,
rs4808801,19,18571141,A,G,0.055,0.75,ELL,ENSEMBL,rs4808801,19,18460331,
rs12628403,22,39358037,C,A,0.108,0.34,APOBEC3A,ENSEMBL,rs12628403,22,38962032,
